alimento,unidad
Aceite de algodón,cucharada
Aceite de cacahuete,cucharada
Aceite de coco,cucharada
Aceite de colza,cucharada
Aceite de germen de trigo,cucharada
Aceite de girasol,cucharada
Aceite de grano de uva,cucharada
Aceite de hígado de bacalao,cucharada
Aceite de lino,cucharada
Aceite de nuez,cucharada
Aceite de oliva,cucharada
Aceite de oliva virgen extra,cucharada
"Aceite de oliva virgen extra, producción ecologica",cucharada
Aceite de palma,cucharada
Aceite de sésamo,cucharada
Aceite de soja,cucharada
Aceituna,ración
"Aceituna negra, con hueso",ración
"Acelga, cruda",ración
"Acelga, en conserva",ración
"Achicoria, cruda",ración
Agua,vaso
"Agua mineral, mineralización debil",vaso
"Agua, con gas, embotellada",vaso
Aguacate,ración
Aguacate congelado,ración
Aguardiente,vaso
Ajo,cucharada
"Ajo, en polvo",pizca
"Ajo, frito",cucharada
Albahaca,pizca
Albaricoque,ración
Albondigas en conserva,ración
"Alcachofa, cruda",ración
Alcachofas en conserva,ración
Alcaparra,cucharada
Alioli,cucharada sopera
Almeja,ración
Almejas en conserva,ración
"Almendra, cruda",puñado
"Almendra, cruda, con cáscara",puñado
"Almendra, frita, salada",puñado
"Almendra, tostada",puñado
Almidón de arroz,cucharada colmada
Almidón de maíz,cucharada colmada
Almidón de trigo,cucharada colmada
Altramuz,puñado
"Alubia blanca, en conserva",ración
"Alubia blanca, seca, cruda",ración
"Anacardo, crudo",puñado
Anchoas en aceite vegetal,ración
"Anguila, cruda",ración
"Angula, cruda",ración
"Anís, seco",vaso
Aperitivos de trigo,ración
"Apio, crudo",ración
"Apio, en conserva en salmuera",ración
Arandano,ración
"Arenque, salado",ración
Arroz,ración
"Arroz hinchado, para el desayuno, enriquecido",ración
"Arroz integral, crudo",ración
Atún en aceite de oliva isabel,ración
Atun en aceite vegetal,ración
Atún en escabeche,ración
"Atún, al natural",ración
"Atún, crudo",ración
Avellana,puñado
"Avellana, cruda, con cáscara",puñado
"Avena, cruda",cucharada colmada
"Avestruz, solomillo, crudo",ración
Azafrán,pizca
Azúcar blanca,cucharadita
"Azúcar, moreno",cucharadita
Bacaladilla,ración
"Bacalao, crudo",ración
"Bacalao, salado, crudo",ración
"Bacalao, salado, remojado, crudo",ración
"Bacon, crudo, con grasa separable",ración
"Bambú, crudo",ración
"Barra chocolate, tipo ""bounty""",unidad
"Barra de chocolate, tipo ""Kit-kat""",unidad
Barrita cereales con chocolate,ración
Barrita cereales con frutas,ración
Barrita cereales maíz y trigo,ración
Barrita cereales trigo y chocolate,ración
Batido de chocolate,vaso
Batido de fresa,vaso
Batido de soja,vaso
Batido fermentado de soja,vaso
"Batido lácteo de cacao, bajo en calorías",vaso
"Batido lácteo, de fresa, bajo en calorías",vaso
Bebida de soja,vaso
Bebida energética,vaso
Bebida isotónica,vaso
Berberechos,ración
Berberechos en conserva,ración
Berenjena,ración
"Berro, crudo",ración
Besugo,ración
Bizcocho,ración
Bocadillo,ración
Bogavante,ración
"Bollería, genérico",ración
Bombón,ración
"Boniato/batata, crudo",ración
"Bonito del norte, enlatado en aceite de soja",ración
Bonito en aceite vegetal,ración
"Bonito, enlatado en aceite, escurrido",ración
Boquerón,ración
Borraja,ración
"Breca, cruda",ración
"Brécol, crudo",ración
Butifarra,ración
"Caballa, cruda",ración
"Caballa, enlatada en aceite, escurrida",ración
"Cabracho, bocanegra o rascacio, crudo",ración
"Cabrito, parte s/e, crudo, con grasa separable",ración
"Cacahuete, crudo, con cáscara",puñado
"Cacahuete, frito, salado",puñado
"Cacahuete, tostado, salado",puñado
"Cacao en polvo, azucarado",cucharada
"Cacao, en polvo, azucarado, bajo en calorías",vaso
"Café, con leche",vaso
"Café, en grano o molido, descafeinado",vaso
"Café, en polvo, sin reconstituir",vaso
"Café, en polvo, soluble",vaso
"Café, infusión",vaso
"Café, infusión, descafeinado",vaso
"Café, sucedáneo, soluble",vaso
Calabacín,ración
"Calabaza, cruda",ración
"Calamar, conserva",ración
"Calamar, crudo",ración
Calamares en aceite vegetal,ración
Caldo vegetal,vaso
Callos de ternera,ración
Camarón,ración
"Canela, en polvo",pizca
Canelones,ración
Cangrejo,ración
Cangrejo de río crudo,ración
"Cangrejo, en conserva",ración
Canonigos,ración
Caqui,ración
Caracol,ración
Caramelo,unidad
Cardo,ración
"Cardo, tallo, en conserva",ración
Carne picada,ración
"Carpa, cruda",ración
"Castaña, cruda",puñado
"Castaña, tostada",puñado
Cava,vaso
Caviar,ración
"Cebada, cruda",ración
Cebolla,ración
"Cebollino, crudo",pizca
Cecina,ración
"Centeno, crudo",ración
"Centollo, crudo",ración
"Cerdo, chuleta, crudo",ración
"Cerdo, costilla, crudo",ración
"Cerdo, lomo, crudo",ración
"Cerdo, panceta, cruda",ración
"Cerdo, parte sin especificar",ración
"Cerdo, pierna, cruda, con grasa separable",ración
"Cerdo, solomillo, crudo",ración
Cereales base trigo y chocolate,ración
Cereales desayuno base de arroz chocolateado,ración
Cereales desayuno base de arroz y miel,ración
"Cereales desayuno base de arroz, trigo y fruta",ración
Cereales desayuno base de maíz y miel,ración
Cereales desayuno base de maíz y trigo,ración
"Cereales desayuno base de maíz, trigo y avena",ración
Cereales desayuno base de trigo azucarado,ración
Cereales desayuno base de trigo y arroz,ración
Cereales desayuno base de trigo y frutas,ración
Cereales desayuno base de trigo y miel,ración
"Cereales desayuno base de trigo, avena, maiz y miel",ración
"Cereales desayuno base de trigo, avena, maíz, miel y nueces",ración
Cereales desayuno base muesli,ración
"Cereales desayuno, maíz azucarado",ración
"Cereales, en polvo, solubles (eko)",ración
Cereza,ración
Cerveza con alcohol,vaso
Cerveza sin alcohol,vaso
"Cerveza, baja en alcohol",vaso
"Cerveza, oscura, 8°- 9°",vaso
Champiñon,ración
Champiñones en conserva,ración
"Chayote, crudo",ración
"Chicle, sin azúcar",ración
"Chile, rojo",cucharada
"Chile, verde",cucharada
Chipiron,ración
Chirimoya,ración
Chirla,ración
Chistorra,ración
Chocolate blanco,ración
Chocolate con leche,ración
Chocolate con leche y almendras,ración
Chocolate con leche y arroz,ración
Chocolate con nueces de macadamia,ración
"Chocolate negro, con almendras",ración
"Chocolate negro, con azúcar",ración
"Chocolate, negro",ración
Choped pork,ración
Chorizo,ración
"Chufa, cruda",puñado
Churro,ración
"Ciervo, parte s/e, crudo, con grasa separable",ración
Cigala,ración
"Ciruela, con piel, cruda",ración
"Ciruela, sin piel",ración
"Coco, desecado",cucharada
"Coco, fresco",ración
"Col blanca, cruda",ración
"Col de bruselas, cruda",ración
"Col rizada, cruda",ración
"Coliflor, congelada, cruda",ración
Comino,pizca
Complejo vitaminico,ración
"Conejo de granja, carne, cruda",ración
"Conejo, entero, estofado",ración
"Confitura, frutas s/e, baja en calorías",cucharada
Congrio,ración
Coñac,vaso
"Corazón de cordero, crudo",ración
"Corazón de pollo, crudo",ración
"Corazon de vaca, crudo",ración
"Corazón, de cerdo, crudo",ración
"Corazón, de vaca/buey, cocido",ración
"Corazón, de vaca/buey, crudo",ración
"Cordero, costilla, crudo",ración
"Cordero, parte sin especificar",ración
Corteza de trigo,ración
Crema de almendras,puñado
Crema de chocolate con avellanas,cucharada
Crema de chocolate y nata,cucharada
"Crema de chocolate, baja en calorías",cucharada
Crema de coco,cucharada
Crema de vainilla y mousse de chocolate,cucharada
Crema inglesa,cucharada
Crema pastelera,cucharada
Cremoso san millan,unidad individual
Croissant,ración
Croissant de chocolate,ración
Cuajada,unidad individual
Cubata,vaso
Cubito de caldo,pizca
Curry,pizca
Dátil,ración
Donut,ración
"Donut, de chocolate",ración
"Dorada o sama, cruda",ración
"Dorada o sama, plancha",ración
Empanada de carne,ración
Endibia,ración
"Eneldo, seco",pizca
Ensaimada,ración
Ensalada,ración
Escarola,ración
"Espárrago, verde",ración
Esparragos blancos en conserva,ración
"Espinaca, en conserva",ración
"Espinaca, picada, congelada, cruda",ración
Fabada,ración
"Faneca, cruda",ración
Flamenquín,ración
"Flan de huevo, bajo en calorías",unidad individual
"Fletan, crudo",ración
Foie gras,ración
"Frambuesa, cruda",ración
Fresa,ración
Fritos de maíz,ración
Fructosa,cucharadita
Frutos secos,puñado
Fuet,ración
Galleta salada,ración
"Galleta, barquillo, con jalea de frutas",ración
"Galleta, cubierta de chocolate",ración
"Galleta, genérico",ración
Galletas integrales,ración
"Galletas saladas, con queso",ración
Galletas tipo maria,ración
"Galletas, de mantequilla",ración
"Gallina, entera, cruda",ración
"Galletas, con chocolate, tipo ""cookies""",ración
Gallo,ración
"Gamba quisquilla, congelada",ración
"Gamba roja, cruda",ración
"Garbanzo, en conserva",ración
"Garbanzo, seco, crudo",ración
Gelatina,cucharada sopera
Germen de trigo,cucharada colmada
Ginebra,vaso
Gofio,ración
Gomasio,ración
"Gominola, genérica",unidad
Granada,ración
Grasa de pollo,ración
Grelo,ración
"Grosella negra, cruda",ración
"Grosella, cruda",ración
"Guayaba, enlatada en almíbar",ración
"Guayaba, sin piel, cruda",ración
"Guindilla, en polvo",pizca
"Guindilla, picante",pizca
"Guisante, congelado, crudo",ración
"Guisante, seco, crudo",ración
Guisantes en conserva,ración
Gusanito,ración
"Haba, fresca",ración
"Haba, frita",ración
"Haba, seca",ración
"Haba, seca, remojada, hervida",ración
Harina de avena,cucharada colmada
"Harina de avena, cocida en agua",cucharada colmada
Harina de cebada,cucharada colmada
Harina de centeno,cucharada colmada
Harina de maíz,cucharada colmada
Harina de soja,puñado
Harina de trigo,cucharada colmada
"Harina de trigo, integral",cucharada colmada
"Higado de pollo, crudo",ración
"Hígado, de cerdo, crudo",ración
"Hígado, de vaca/buey, crudo",ración
Higos y brevas,ración
Hinojo,pizca
Hojaldre,ración
Horchata,vaso
"Huevo de codorniz, entero, crudo",unidad
Huevo de gallina fresco,unidad
"Huevo de gallina, clara, cruda",unidad
"Huevo de gallina, yema, cruda",unidad
"Huevo de gallina, yema, desecada",unidad
"Huevo de pato, crudo",unidad
"Huevo de pavo, entero, crudo",unidad
Infusión,vaso
Jalea real,unidad
"Jamón cocido, categoría s/e",ración
"Jamón cocido, enlatado",ración
Jamón ibérico de bellota,ración
Jamón ibérico de cebo,ración
Jamon serrano,ración
Jengibre,pizca
Judía blanca,ración
Judía pinta,ración
"Judía verde, congelada, cruda",ración
"Judía verde, cruda",ración
"Judías blancas, cocidas",ración
Judias verdes en conserva,ración
"Jurel o chicharro, crudo",ración
Kebab,ración
Kefir,unidad individual
Ketchup,cucharada
Kiwi,ración
Lacón,ración
Lactosa,unidad individual
Langosta,ración
Langostino,ración
Lasaña,ración
"Laurel, hoja",pizca
"Leche condensada, entera, con azúcar",unidad individual
Leche de almendra,vaso
Leche de cabra,vaso
Leche de coco,vaso
Leche de oveja,vaso
"Leche de vaca, desnatada, condensada, con azúcar",unidad individual
"Leche de vaca, entera",vaso
"Leche en polvo, semidesnatada",unidad individual
"Leche fermentada, bifidobacterium, entera, natural",vaso
Leche merengada,vaso
"Leche, desnatada, pasteurizada",vaso
"Leche, semidesnatada, pasteurizada",vaso
Lechuga,ración
Lecitina de soja,ración
"Lengua de cerdo, cruda",ración
"Lengua de cordero, cruda",ración
"Lengua, de buey, cruda",ración
"Lengua, de ternera, cruda",ración
Lenguado,ración
"Lenguado, plancha",ración
"Lenteja, en conserva",ración
"Lenteja, seca, cruda",ración
Licor apricot,vaso
Licor benedictine,vaso
Licor curaçao,vaso
Licor de café,vaso
Licor de crema 15-17% vol.,vaso
Licores de frutas,vaso
"Liebre, entera, cruda",ración
"Lija, cruda",ración
"Lima, cruda",ración
Limonada,vaso
"Litchi, crudo",ración
Lombarda,ración
Lomo embuchado,ración
Longaniza,ración
Lubina,ración
"Macedonia de frutas, conserva en su jugo",ración
Magdalena,ración
"Maíz, en mazorca, congelado, crudo",cucharada
"Maíz, en mazorca, crudo",cucharada
Mandarina,ración
"Mandarina, congelada",ración
"Mango, crudo",ración
Manteca,ración
Mantequilla salada,ración
"Mantequilla, baja en calorías",ración
Manzana,ración
Margarina de maíz,ración
"Margarina, baja en calorías",ración
"Masa de hojaldre, cruda",ración
Mayonesa con aceite de girasol,ración
"Mayonesa, aceite de oliva",cucharada sopera
"Mayonesa, aceite de soja",cucharada sopera
"Mayonesa, baja en calorías",ración
Mejillon,ración
"Mejillón, en conserva, al natural",ración
"Mejillón, en escabeche",ración
Melocotón,ración
Melocotón en almíbar,ración
"Melocotón, desecado",cucharada
Melón,ración
"Membrillo, crudo",ración
"Menestra de verduras, congelada",ración
"Menta, fresca",pizca
Merluza fresca,ración
"Merluza, congelada, cruda",ración
Mermelada de albaricoque,cucharada
"Mermelada de albaricoque y melocotón, baja en calorías",cucharada
Mermelada de ciruela,cucharada
Mermelada de frambuesa,cucharada
Mermelada de fresa,cucharada
"Mermelada de fresa, baja en calorías",cucharada
Mermelada de grosella roja,cucharada
Mermelada de mora,cucharada
Mermelada de naranja,cucharada
"Mero o cherne, crudo",ración
"Mero o cherne, plancha",ración
Miel,cucharada
Mijo,ración
Miso,ración
Mojo picon,ración
Molleja de cordero,ración
Morcilla,ración
Mortadela,ración
Mostaza,pizca
"Mousse de queso fresco, con frutas",unidad individual
"Mousse de queso fresco, desnatado, azucarado",unidad individual
"Mousse de queso fresco, desnatado, con frutas",unidad individual
"Mousse de yogur, con frutas",unidad individual
"Mousse de yogur, natural",unidad individual
Muesli,ración
"Mújol, crudo",ración
"Nabo, pelado, crudo",ración
"Napolitana, rellena con crema de cacao",ración
Naranja,ración
Nata montada,ración
"Nata, líquida, para cocinar, 18% de grasa",ración
Nécora,ración
"Néctar de albaricoque, envasado",vaso
Néctar de ciruela,vaso
"Néctar de frutas exóticas, envasado",vaso
"Néctar de mango, envasado",vaso
"Néctar de maracuyá, envasado",vaso
Néctar de melocotón,vaso
"Néctar de naranja, envasado",vaso
"Néctar de pera, envasado",vaso
Néctar de piña,vaso
Néctar de pomelo,vaso
Nectarina,ración
"Níscalo, crudo",ración
"Níspero, con piel, crudo",ración
"Nispero, conserva en su jugo",ración
"Nispero, sin piel , congelado",ración
Nuez,puñado
Nuez moscada,pizca
"Nuez, cruda, con cáscara",puñado
"Oca, sin piel, asada",ración
"Orégano, seco",pizca
"Ostra, cruda",ración
Paella,ración
Paella marinera,ración
Palmera,ración
"Palmito, en conserva",ración
"Palometa, cruda",ración
"Palomitas de maíz, sin aceite, sin sal",ración
"Pan blanco, de barra",ración
"Pan blanco, de barra, sin sal",ración
"Pan blanco, de molde, tostado",ración
"Pan blanco, frito",ración
"Pan blanco, tostado",ración
"Pan blanco, tostado sin sal",ración
Pan de avena,ración
Pan de cebada,ración
Pan de centeno,ración
Pan de leche,ración
Pan de maíz,ración
Pan integral,ración
"Pan integral, de molde, tostado",ración
"Pan integral, sin sal",ración
"Pan integral, tostado",ración
Pan rallado,ración
Pan tostado integral,ración
"Pan, tipo hamburguesa",ración
"Panceta, frita",ración
"Panga, cruda",ración
"Papaya, cruda",ración
Paraguaya,ración
"Pasta alimenticia, con huevo, cruda",ración
"Pasta alimenticia, con huevo, hervida",ración
"Pasta alimenticia, con vegetales, cruda",ración
"Pasta alimenticia, cruda",ración
"Pasta alimenticia, integral, cruda",ración
Pasta de fruta,ración
Pastas de te,ración
Pastel,ración
Pastel con fruta confitada,ración
Pastel de chocolate,ración
Pastel de manzana,ración
"Patata, cruda",ración
"Patata, frita con aceite s/e, sin sal",ración
"Patata, prefrita, congelada",ración
"Patata, salteada con aceite girasol",cucharada
"Patatas, fritas, chips",ración
"Pate de higado de cerdo, 30% de grasa",ración
Paté de pimienta,ración
"Pato, entero, asado",ración
"Pato, entero, crudo",ración
"Pavo, crudo",ración
"Pavo, fiambre",ración
"Pavo, fiambre, bajo en grasa",ración
"Pavo, muslo, con piel, crudo",ración
"Pavo, pechuga, con piel, crudo",ración
Pepinillos en vinagre,ración
Pepino,ración
Pera,ración
"Pera, enlatada en almíbar",ración
"Perca, cruda",ración
Percebe,ración
"Perdiz, cruda",ración
"Perejil, fresco",pizca
"Pescadilla, congelada, cruda",ración
"Pescado, genérico",ración
"Petit líquido, sabor fresa",unidad individual
"Petit suïsse, cereales y fruta",unidad individual
"Petit suisse, chocolate",unidad individual
"Petit suisse, fresa",unidad individual
"Petit Suisse, natural azucarado",unidad individual
Piña,ración
"Pez espada, crudo",ración
"Pichón, sin piel, asado",ración
"Pijota, cruda",ración
"Pimentón, en polvo",pizca
"Pimienta, blanca",pizca
"Pimienta, negra",pizca
"Pimiento morrón, en conserva",ración
"Pimiento rojo, crudo",ración
"Pimiento, frito",ración
Piña en almíbar,ración
"Piña, enlatada en su jugo",ración
Piñon,cucharada
"Piñón, crudo, con cáscara",cucharada
Pipa de calabaza,cucharada
Pipa de girasol,cucharada
"Pipas de girasol, peladas, con sal",cucharada
Pistacho,puñado
"Pizza, precocinada",ración
Plátano,ración
"Platija, cruda",ración
"Pollo, ala, con piel, cruda",ración
"Pollo, entero, con piel, crudo",ración
"Pollo, fiambre",ración
"Pollo, fiambre, bajo en grasa",ración
"Pollo, muslo, con piel, crudo",ración
"Pollo, parte sin especificar",ración
"Pollo, pechuga, con piel, crudo",ración
Pomelo,ración
Preparado lácteo con omega 3,unidad individual
Pudding de pasas,ración
"Puerro, crudo y congelado",ración
"Pulmón, de cerdo, crudo",ración
"Pulmón, de cordero, crudo",ración
"Pulmón, de ternera, crudo",ración
Pulpo,ración
"Puré de patata y queso, en copos",cucharada
"Puré de patata, con verduras, en copos",cucharada
"Puré de patata, en copos",cucharada
"Puré de patatas y champiñones, en copos",cucharada
"Puré, de patata, con leche",cucharada
Queso afuega'l pitu,ración
Queso azul,ración
Queso brie,ración
"Queso cabra, curado",ración
Queso cabrales,ración
Queso Camembert 20-30% MG/ES,ración
Queso camembert 60% mg/es,ración
Queso cantabria,ración
Queso casín,ración
Queso Castellano,ración
Queso cebreiro,ración
Queso Cheddar,ración
"Queso curado, genérico",ración
Queso de aracena,ración
Queso de arzúa,ración
Queso de bola,ración
Queso de cádiz,ración
"Queso de Castilla-La Mancha, oveja y cabra",ración
"Queso de Castilla-La Mancha, oveja, vaca y cabra",ración
"Queso de castilla-león, oveja y vaca",ración
"Queso de murcia, al vino",ración
Queso de tenerife,ración
Queso de tiétar,ración
Queso edam,ración
Queso emmental,ración
Queso en porciones,ración
Queso flor de guía,ración
Queso fresco de burgos,ración
"Queso fresco, cabra",ración
"Queso fresco, desnatado, con frutas",ración
"Queso fundido, extragraso (>60% MG/ES)",ración
Queso gata-hurdes,ración
Queso gaztazarra,ración
Queso Gouda,ración
Queso grazalema,ración
Queso Gruyer,ración
Queso herreño,ración
Queso Ibores,ración
Queso Mahón,ración
Queso majorero,ración
Queso manchego,ración
"Queso manchego, en aceite",ración
Queso mozzarella,ración
Queso munster,ración
Queso para untar,ración
"Queso para untar, con finas hierbas",ración
"Queso para untar, con salmón",ración
"Queso para untar, natural, bajo en calorías",ración
Queso parmesano,ración
Queso pasiego,ración
Queso pedroches,ración
Queso peñamellera,ración
Queso picón,ración
Queso porrúa,ración
Queso Raclette,ración
"Queso rallado, genérico",ración
Queso roquefort,ración
Queso San Simón,ración
"Queso semicurado, genérico",ración
Queso serrat,ración
Queso servilleta,ración
Queso Tetilla,ración
"Queso tierno, genérico",ración
Queso torta del casar,ración
Queso tupí,ración
Queso Zamorano,ración
"Quinoa, cruda",ración
Rábano,ración
Rabo de toro,ración
"Rape, a la parrilla",ración
"Rape, crudo",ración
"Raya, cruda",ración
"Refresco con gas, sabor cola, sin cafeina",vaso
"Refresco con gas, sabor cola, sin cafeina, bajo en calorías",vaso
Refresco de té,vaso
"Refresco de té, bajo en calorías",vaso
"Refresco ""tipo gaseosa""",vaso
"Refresco, con gas, sabor naranja",vaso
"Refresco, sabor cola",vaso
"Refresco, sabor cola, bajo en calorías",vaso
"Refresco, sabor limón, con gas",vaso
"Refresco, sabor naranja, sin gas",vaso
Regaliz,unidad
"Remolacha, en conserva",ración
Repollo,ración
Requesón,ración
"Riñón, de cordero, crudo",ración
"Riñón, de ternera, crudo",ración
Rodaballo,ración
Rollito de primavera,ración
Romero,pizca
Ron,vaso
Rosquilla,ración
Rúcula,ración
Sal de mar,pizca
Sal yodada,pizca
Salami,ración
Salchicha de pollo fresca,ración
"Salchicha, fresca",ración
"Salchicha, tipo viena",ración
Salchichón,ración
"Salema, cruda",ración
Salmón,ración
"Salchicha, tipo ""frankfurt""",ración
Salmonete,ración
Salsa agridulce,cucharada sopera
Salsa al curry,cucharada sopera
Salsa al roquefort,cucharada sopera
Salsa barbacoa,cucharada sopera
Salsa bechamel,cucharada sopera
Salsa boloñesa,cucharada sopera
Salsa carbonara,cucharada sopera
Salsa de queso,cucharada sopera
Salsa de sésamo,cucharada
Salsa de soja,cucharada
Salsa napolitana,cucharada sopera
"Salsa siciliana, picante",cucharada sopera
"Salsa vinagreta, con aceite de oliva",cucharada sopera
Salvado de trigo,cucharada colmada
"San jacobo, congelado",ración
Sandía,ración
Sangría,vaso
Sardina,ración
"Sardina, enlatada, en aceite, escurrida",ración
"Sardina, enlatada, en escabeche",ración
"Sargo, crudo",ración
Seitán,ración
Semilla de lino,cucharada
"Sémola de trigo, cruda",cucharada colmada
"Sémola de trigo, hervida",cucharada colmada
Sepia,ración
Sésamo molido,cucharada
"Sésamo, semilla",cucharada
"Sesos, de cerdo, crudos",ración
"Sesos, de cordero, crudos",ración
"Sesos, de ternera, crudos",ración
Seta,ración
Sidra,vaso
Sobao,ración
Soda,vaso
"Soja, fresca",ración
"Soja, frita",ración
"Soja, germinada, en conserva",cucharada
"Soja, seca, cruda",ración
"Soja, seca, remojada, hervida",ración
Sopa de sobre maravilla,ración
"Sopa de sobre, sin reconstituir",ración
Suplemento proteico,ración
Surimi,ración
Tabasco,cucharada
"Té, infusión, con leche",vaso
"Tenca, cruda",ración
Tequila,vaso
"Ternera, costilla, cruda",ración
"Ternera, lomo, crudo, con grasa separable",ración
"Ternera, parte s/e, asada",ración
"Ternera, parte sin especificar, cruda, con grasa separable",ración
"Ternera, solomillo, sin grasa, crudo",ración
Tocino,ración
Tofu,ración
Tomate,ración
"Tomate, maduro, pelado y triturado, enlatado",cucharada
"Tomate, maduro, puré",cucharada
"Tomillo, seco",pizca
Torta de aceite,ración
"Tortilla, a la francesa",unidad
"Trigo, entero, crudo",ración
Trucha,ración
"Trufa, cruda",ración
"Turrón, tipo Alicante",ración
Uva blanca,ración
"Uva blanca, congelada",ración
"Uva negra, cruda",ración
Uva pasa,cucharada
"Vaca/buey, parte s/e, asado",ración
"Vaca/buey, parte s/e, estofado",ración
"Vaca/buey, solomillo, crudo",ración
Vainilla,pizca
"Vermut, s/e",vaso
Vieira,ración
"Vieja, cruda",ración
Vinagre balsámico,cucharada
Vinagre de manzana,cucharada
Vinagre de vino,cucharada
Vino blanco,vaso
"Vino dulce, tipo oporto",vaso
Vino rosado,vaso
Vino tinto,vaso
Vodka,vaso
"Volador, crudo",ración
Whisky,vaso
Yogur griego,unidad individual
"Yogur líquido, aromatizado sabor s/e",unidad individual
"Yogur líquido, con frutas s/e",unidad individual
"Yogur líquido, entero, con cereales",unidad individual
"Yogur líquido, natural, azucarado",unidad individual
"Yogur, búlgaro",unidad individual
"Yogur, desnatado, aromatizado sabor s/e",unidad individual
"Yogur, desnatado, con cereales",unidad individual
"Yogur, desnatado, con cereales, manzana y ciruela",unidad individual
Zumo de piña,vaso
"Yogur, desnatado, con cereza y frambuesa",unidad individual
"Yogur, desnatado, con ciruela, albaricoque y fibra",unidad individual
"Yogur, desnatado, con fresa, grosella y fibra",unidad individual
"Yogur, desnatado, con frutas",unidad individual
"Yogur, desnatado, con frutas del bosque",unidad individual
"Yogur, desnatado, con frutas tropicales",unidad individual
"Yogur, desnatado, con manzana",unidad individual
"Yogur, desnatado, con melocotón y maracuyá",unidad individual
"Yogur, desnatado, con melocotón, frambuesa y fibra",unidad individual
"Yogur, desnatado, con piña y pomelo",unidad individual
"Yogur, desnatado, sabor natural",unidad individual
"Yogur, desnatado, sabor natural, azucarado",unidad individual
"Yogur, desnatado, sabor vainilla",unidad individual
"Yogur, enriquecido, con frutas",unidad individual
"Yogur, enriquecido, natural",unidad individual
"Yogur, enriquecido, natural, azucarado",unidad individual
"Yogur, enriquecido, natural, con nata",unidad individual
"Yogur, enriquecido, sabor, s/e",unidad individual
Zumo de piña y uva,vaso
"Yogur, entero, con cereales y fresas",unidad individual
"Yogur, entero, con fresas",unidad individual
"Yogur, entero, con frutas del bosque",unidad individual
"Yogur, líquido, desnatado, natural",unidad individual
"Yogur, líquido, entero, con fresas",unidad individual
"Yogur, líquido, entero, con frutas",unidad individual
"Yogur, líquido, entero, sabor fresa",unidad individual
"Yogur, líquido, entero, sabor fresa y plátano",unidad individual
"Yogur, líquido, entero, sabor frutas del bosque",unidad individual
"Yogur, líquido, entero, sabor piña y coco",unidad individual
Zamburiñas,ración
"Zanahoria, cruda",ración
Zumo de grosella negra,vaso
Zumo de grosella roja,vaso
"Zumo de lima, envasado",vaso
"Zumo de limón, fresco",vaso
Zumo de mango,vaso
Zumo de manzana,vaso
Zumo de naranja,vaso
"Zumo de pomelo, envasado",vaso
"Zumo de tomate, fresco",vaso
Zumo de uva,vaso
Zumo de uva y melocotón,vaso
"Zumo de zanahoria, fresco",vaso
Lubina al horno,ración
Quinoa con verduras,ración
Tostada de plátano y canela,ración
Salmón al papillote con verduras,ración
Lenguado a la plancha con puré de brocoli y espaguetis de zanahoria,ración
Espinacas salteadas con pasas y piñones,ración
Tomates rellenos,ración
Esqueixada,ración
Gambones con limón y perejil,ración
Gazpacho,ración
Espaguetis integrales con verduras,ración
Acelgas rehogadas con ajos y piñones,ración
Bacalao económica,ración
Tortilla de calabacín,ración
Ensalada de alubias,ración
Huevos al plato,ración
"Crema de calabaza, zanahoria, naranja y jengibre",ración
Papillote de pescado blanco,ración
Asado de cerdo con frutos secos,ración
Croquetas de pescado,ración
Huevos duros rellenos gratinados,ración
Crema de verduras,ración
Pato guisado con ciruelas pasas y piñones,ración
Mejillones a la marinera,ración
"Calamar, asado",ración
Pulpo a la gallega,ración
Sopa de pescado,ración
Espaguetis al pesto,ración
Bacalao al pil pil,ración
"Guisante, congelado, hervido",ración
Arroz integral con setas,ración
Ensalada nizarda,ración
Lasaña de verduras,ración
Arroz caldoso,ración
Pato a la naranja,ración
Arroz tres delicias,ración
Zarzuela de pescado,ración
Espaguetis con gambas,ración
Fideuá con marisco,ración
Ensalada de rúcula y queso ricota,ración
Brócoli con bechamel,ración
Vichyssoise,ración
Puré de calabacín,ración
Puré de calabaza,ración
Crema de champiñones,ración
Crema de zanahoria,ración
Tostadas con jamón serrano y tomate,ración
Tostadas con aguacate y tomate,ración
Tostadas con tomate y aceite,ración
Tostadas con atún y tomate,ración
Tortilla francesa,ración
Frittata de espinacas y queso de cabra,ración
Frittata de brócoli y tomates cherry,ración
Tortilla francesa de champiñones,ración
Tortilla francesa de gambas y espárragos trigueros,ración
Tortilla francesa de atún y cebolla,ración
Porridge de avena con manzana y canela,ración
Helado de chocolate,unidad individual
Porridge de avena con plátano,ración
Ensalada de garbanzos y tomate,ración
Garbanzos salteados con espinacas,ración
Hummus,ración
"Ensalada de pasta integral con atún, queso fresco",ración
"Ensalada de pasta integral con atún, queso fresco y jamón cocido",ración
"Ensalada de tomate, aceitunas negras y atún",ración
Ensalada campera,ración
"Ensalada de sardinas, tomate y huevo duro",ración
Ensalada de queso fresco y salmón ahumado,ración
Lentejas estofadas con verduras y arroz integral,ración
"Salmón a las finas hierbas con ensalada de aguacate, tomate y queso fresco",ración
Albóndigas de pollo con salsa de tomate y coliflor rehogada,ración
Guiso de ternera con patata y zanahoria,ración
"Sandwich de aguacate, tomate y pechuga de pavo/pollo",ración
Merluza en papillote con calabacín,ración
"Calabacín, asado",ración
Cuscús de pollo y verdura,ración
Estofado de pavo y verduras,ración
Pasta con crema de pollo y champiñones,ración
Ensalada de pollo,ración
Tostada de mantequilla de cacahuete con plátano,ración
Ensalada de pescado con arroz,ración
Filetes de pechuga de pollo marinados en limón y romero,ración
Filetes de pechuga de pollo marinados en mostaza y limón,ración
Pollo marinado al curry,ración
Salmón marinado al curry,ración
Ensalada de garbanzos con nueces,ración
Garbanzos con brécol y parmesano,ración
Lentejas con arroz,ración
Tomates con mozzarella,ración
Ensalada de berros,ración
Lenguado con champiñones y jengibre,ración
Tortilla de bacalao,ración
Arroz integral con verduras,ración
Rape con gambas y mejillones,ración
Risotto de setas frescas y secas,ración
Espaguetis a la carbonara vegetal,ración
Arroz con salsa de calamares,ración
"Tostada de aguacate, queso y anchoas",ración
Judías verdes con setas rehogadas,ración
Pisto,ración
Menestra,ración
Menestra vegetariana,ración
Ajoblanco,ración
Helado de fresa,unidad individual
Atún con tomate,ración
Hamburguesas de atún,ración
Bacalao con tomate,ración
Chicharro al horno,ración
Dorada a la sal,ración
"Tostada de yogur, pera y nueces",ración
Merluza con almejas,ración
Merluza con champiñones y gambas,ración
Merluza en salsa verde,ración
"Ensalada de quinoa, pollo y verduras",ración
Berenjenas rellenas,ración
Calamares a la plancha,ración
Sardinas al horno con perejil,ración
Alcachofas al horno,ración
Huevos rellenos con aguacate,ración
"Ensalada griega de espinacas, queso de cabra, naranja y pistachos",ración
Revuelto de huevo y tomate,ración
Variado de verduras y legumbres,ración
Cocido de alubias blancas con brécol,ración
"Habas con ajetes, setas y gambas",ración
Quinoa con espinacas,ración
Alubias con champiñones,ración
Helado de nata,unidad individual
Hamburguesas de verduras,ración
Tortilla de patatas vegana,ración
Hamburguesas de lenteja y mijo,ración
Albóndigas de lenteja con tomate,ración
Huevos escalfados con esparragos,ración
"Cebolla, asada",ración
Macarrones de legumbre con verduras,ración
Champiñones rellenos,ración
Pasta boloñesa vegana,ración
Tortilla de calabacín vegana,ración
Alcachofas con calabaza,ración
Tortilla vegana de champiñones y espinacas,ración
Borraja con guisantes,ración
Tortilla de coliflor,ración
Cuscús al azafrán con berenjena y pimiento asados,ración
Tortilla de espinacas,ración
Tostada de queso fresco con moras,ración
Col lombarda con manzana y champiñones,ración
Coles de bruselas salteadas,ración
Coliflor con refrito,ración
Alcachofas con jamón y cebolla,ración
Chuletitas de conejo al horno,ración
"Tostadas de aguacate, huevo y tomate",ración
"Tostadas de aguacate, queso y pepino",ración
"Tostada de requeson, manzana y canela",ración
Tostada de queso fresco y kiwi,ración
"Tostada de queso fresco, rúcula y aceite de oliva",ración
"Tostada de requesón, melocotón y pipas de calabaza",ración
Tostada de aguacate con granada,ración
"Tostada de requesón, espinacas babys y aceite de oliva",ración
"Tostada de yogur, naranja y coco desecado",ración
"Tostada de mantequilla de cacahuete, manzana y almendras",ración
"Tostada de aguacate, lechuga y queso fresco",ración
"Tostada de tomate, queso feta y aceitunas negras",ración
"Tostada de aguacate, tomate y salmón",ración
"Tostada de mantequilla de almendras, fresas y coco",ración
"Tostadas de requesón, rúcula y rábanos",ración
Tostada con tomate y aceite de oliva,ración
Tostada de queso de cabra e higos,ración
"Tostada de mantequila de cacahuete, naranja y canela",ración
Pavo con guisantes y zanahoria,ración
Sandwich de jamón y queso,ración
Pollo asado con manzanas y setas,ración
Pochas con guindillas fritas y tomates asados,ración
Pisto Navarro,ración
Macarrones de lenteja con verduras y almendras,ración
Sandwich vegetal con huevo y atún,ración
Revuelto de setas,ración
Conejo al horno con patatas panaderas,ración
Macarrones con tomate y atún,ración
Lentejas con verduras,ración
Lentejas estofadas con chorizo,ración
Ensalada de lentejas,ración
Alubias blancas con verduras,ración
Alubias con morcilla y chorizo,ración
Tortilla de patata con cebolla,ración
Papas arrugás con mojo picón,ración
Patatas a la riojana,ración
Salsa brava,ración
Bocadillo de jamón serrano con tomate y aceite,ración
Bocadillo de jamón serrano,ración
Bocadillo de chorizo,ración
Bocadillo de jamón cocido,ración
Bocadillo de tortilla francesa,ración
Espagueti a la carbonara,ración
Macarrones con chorizo y queso gratinados (cuanto queso),ración
Macarrones a la boloñesa,ración
Ensaladilla rusa,ración
Gofio escaldado,ración
Masa de pizza casera,ración
Masa de pizza casera con harina integral,ración
Arroz a la cubana,ración
Churros de pescado,ración
Caldo de millo,ración
Ropa vieja,ración
Rancho canario,ración
Muslos de pollo con patatas al horno,ración
Pechuga de pollo empanada,ración
Pollo asado,ración
Fartons,ración
Frangollo canario,ración
Mojo picón rojo,ración
Mojo verde,ración
Sancocho canario,ración
Pella de gofio,ración
Puchero o potaje canario,ración
Queso asado con mojo picón,ración
Tortillas de carnaval,ración
Tortitas de calabaza,ración
Potaje de berros,ración
Carne de cabra ,ración
Escaldón de gofio y leche,ración
Pata asada canaria,ración
Conejo en salmorejo,ración
Tollos en salsa,ración
Salpicón de pulpo canario,ración
Mousse de gofio,ración
Titaina,ración
Esgarraet,ración
Coca de tomate,ración
Horchata de chufa,ración
Jamón asado,ración
Coca de llanda,ración
Panquemao,ración
Arroz con costra,ración
Paella valenciana,ración
Arroz a banda,ración
"Lenteja, hervida",ración
Almoixàvena o monjavina,ración
All i pebre de anguila,ración
Arròs amb fesols y naps,ración
Fideuá,ración
Sobrasada,ración
Tombet de cordero,ración
"Cerdo, lomo, asado",ración
"Huevo de gallina, pasado por agua",ración
"Cerdo, solomillo, asado",ración
"Cordero, pierna, con grasa, asada",ración
"Pollo, entero, con piel, asado",ración
"Ternera, solomillo, asado",ración
"Pollo, muslo, con piel, asado",ración
"Patata, asada",ración
"Tomate, asado",ración
"Sardina, asada",ración
"Huevo de gallina, revuelto, con mantequilla",ración
"Bacón, ahumado, a la parrilla",ración
"Berenjena, frita, en aceite de girasol",ración
"Huevo de gallina, frito",ración
"Pescadilla, rebozada en harina, frita",ración
Sofrito,ración
"Morcilla, frita",ración
"Pollo empanado, frito",ración
"Pollo, frito",ración
"Bacalao, frito",ración
"Boquerón, frito",ración
"Lenguado, frito",ración
"Merluza, rebozada, frita",ración
Tomate frito,ración
Patatas fritas,ración
"Anguila, al horno",ración
"Atún, al horno",ración
"Bacalao, fresco, al horno",ración
"Caballa, al horno",ración
"Carpa, al horno",ración
"Lenguado, al horno",ración
"Lucio, al horno",ración
"Mújol, al horno",ración
"Perca, al horno",ración
"Salchicha, tipo país, a la plancha",ración
"Pavo, pechuga, sin piel, a la plancha",ración
"Vaca/buey, solomillo, a la plancha",ración
"Atún, plancha",ración
"Pollo, pechuga, plancha",ración
"Dorada, plancha",ración
"Mero, plancha",ración
"Pez espada, emperador, plancha",ración
"Seta, plancha",ración
"Rape, plancha",ración
"Salmón, plancha",ración
"Anguila, hervida",ración
"Huevo de gallina, escalfado",ración
"Bígaro, hervido",ración
"Bogavante, hervido",ración
"Mejillón, hervido",ración
"Tapioca, hervida",ración
"Alubia negra, seca, remojada, hervida",ración
"Arroz integral, hervido",ración
"Guisante, congelado, hervido",ración
"Pasta alimenticia, integral, hervida",ración
"Pasta alimenticia, rellena con carne, hervida",ración
"Col lombarda, hervida",ración
"Calabaza, hervida",ración
"Huevo de gallina, hervido, duro",ración
"Garbanzo, hervido",ración
"Lenteja, hervida",ración
"Gamba, hervida",ración
"Acelgas, hervidas",ración
"Brécol, hervido",ración
"Pulpo, hervido",ración
"Cebolla, hervida",ración
"Coliflor, hervida",ración
"Espinaca, hervida",ración
"Judia verde, hervida",ración
"Patata, hervida",ración
Queso ahumado de aliva,ración
"Arenque, ahumado",ración
"Bacalao, ahumado",ración
"Bonito del norte, al vapor",ración
"Platija, al vapor",ración
"Trucha, ahumada",ración
Salmón ahumado,ración
"Arroz, hervido",ración
Arroz con leche,ración
Crema catalana,ración
Flan de huevo,ración
Helado de chocolate,ración
Helado de fresa,ración
Helado de nata,ración
Mousse de chocolate,ración
Natillas sabor vainilla,ración
Croquetas de pollo,ración
Croquetas de jamón,ración
"Ensalada de lechuga, tomate y cebolla",ración
Ensalada mixta con huevo y atún,ración
Empanadilla,ración
Tarta de manzana,ración
Pastel de fruta confitada,ración
Tarta de chocolate,ración
"Atún, plancha",ración
Seitán a la plancha,ración
Haba frita,ración
"Vaca/buey, estofado",ración
"Vaca/buey, asado",ración
Panceta frita,ración
Pudin de pasas,ración
Croquetas de zanahorias,ración
Merluza hornezada,ración
Calamares en su tinta,ración
Cabrito estofado,ración
Chuletas de cochino,ración
Huevos rellenos,ración
Bolitas de queso,ración
Huevos cubiertos,ración
Albondigón,ración
Quesadillas,ración
Tollos encebollados,ración
Tollos con mojo verde,ración
Bacalao a la montañeta,ración
"Bacalao, ahumado",ración
Estofado de ternera con patatas,ración
Truchas de batata,ración
Suspiros de Moya,ración
Bizcochos de Moya,ración
Príncipe Alberto,ración
Machanga,ración
Bienmesabe,ración
Quesillo canario,ración
Huevos moles,ración
Lapas a la plancha,ración
Tortilla vegana de calabacín,ración
Ensalada de arroz y lentejas,ración
Garbanzos al curry,ración
Fajitas de seitán,ración
Tabulé de lentejas,ración
Espirales de lenteja roja con berenjena y albahaca,ración
Wok de verduras y tempeh con curry,ración
Berenjenas rellenas de verduras,ración
Porridge frío de avena y manzana,ración
Lasaña de verduras vegana,ración
"Calabaza con garbanzos, aguacate y aliño de yogur",ración
Crema fría de pepino,ración
Alubias con vinagreta,ración
Tortitas de avena y plátano,ración
"Atún, al horno",ración
Tomates rellenos de requesón,ración
Puré de batata o boniato,ración
Hamburguesa de pollo,ración
Albóndigas de lenteja roja,ración
"Coliflor, hervida",ración
"Acelgas, hervidas",ración
"Alubia negra, seca, remojada, hervida",ración
"Anguila, al horno",ración
"Anguila, hervida",ración
"Arenque, ahumado",ración
Arroz con leche,unidad individual
"Arroz integral, hervido",ración
"Arroz, hervido",ración
"Bacalao, fresco, al horno",ración
"Bacalao, frito",ración
"Bacón, ahumado, a la parrilla",ración
"Berenjena, frita, en aceite de girasol",ración
"Bígaro, hervido",ración
"Bogavante, hervido",ración
"Bonito del norte, al vapor",ración
"Boquerón, frito",ración
"Brécol, hervido",ración
"Caballa, al horno",ración
"Calabacín, asado",ración
"Calabaza, hervida",ración
"Calamar, asado",ración
"Carpa, al horno",ración
"Cebolla, asada",ración
"Cebolla, hervida",ración
"Cerdo, lomo, asado",ración
"Cerdo, solomillo, asado",ración
"Col lombarda, hervida",ración
"Cordero, pierna, con grasa, asada",ración
Crema catalana,unidad individual
Croquetas de pollo,ración
Empanadilla,ración
Ensaladilla rusa,ración
"Espinaca, hervida",ración
Flan de huevo,unidad individual
"Gamba, hervida",ración
"Garbanzo, hervido",ración
Gazpacho,ración
"Huevo de gallina, escalfado",unidad
"Huevo de gallina, frito",unidad
"Huevo de gallina, hervido, duro",unidad
"Huevo de gallina, pasado por agua",unidad
"Huevo de gallina, revuelto, con mantequilla",unidad
Jamón asado,ración
"Judia verde, hervida",ración
"Lenguado, al horno",ración
"Lenguado, frito",ración
"Lucio, al horno",ración
"Mejillón, hervido",ración
"Merluza, rebozada, frita",ración
"Morcilla, frita",ración
Mousse de chocolate,vaso
"Mújol, al horno",ración
Natillas sabor vainilla,unidad individual
"Pasta alimenticia, integral, hervida",ración
"Pasta alimenticia, rellena con carne, hervida",ración
"Patata, asada",ración
"Patata, hervida",ración
"Pavo, pechuga, sin piel, a la plancha",ración
"Perca, al horno",ración
"Pescadilla, rebozada en harina, frita",ración
"Pez espada, emperador, plancha",ración
"Platija, al vapor",ración
"Pollo empanado, frito",ración
"Pollo, entero, con piel, asado",ración
"Pollo, frito",ración
"Pollo, muslo, con piel, asado",ración
"Pollo, pechuga, plancha",ración
Pudin de pasas,ración
"Pulpo, hervido",ración
Queso ahumado de aliva,ración
"Rape, plancha",ración
"Salchicha, tipo país, a la plancha",ración
Salmón ahumado,ración
"Salmón, plancha",ración
"Sardina, asada",ración
"Seta, plancha",ración
Sobrasada,ración
Sofrito,ración
"Tapioca, hervida",ración
"Ternera, solomillo, asado",ración
Tomate frito,cucharada
"Tomate, asado",ración
"Trucha, ahumada",ración
"Vaca/buey, solomillo, a la plancha",ración
Leche materna,vaso
"Refresco tipo ""tónica""",vaso
Salmorejo,ración
Bonito encebollado,ración
Borreta,ración
Papillote de bacalao,ración
Risotto integral con setas y crema de quesos,ración
"Tostada de requesón, mango y semillas de chia",ración
"Galleta, tipo ""Digestiva""",ración
"Patatas chips, ""lights""",ración
"Cereales para el desayuno, ricos en fibra, tipo ""all-bran""",ración
"Galleta ,tipo ""digestiva"", con chocolate",ración
"Tostada de pan integral con tofu tipo ""revuelto""",ración
"Yogur líquido, ""tipo actimel""",unidad individual
"Pan blanco, tipo ""baguette""",ración
"Barra de chocolate, tipo ""Mars""",unidad
Crema de cacahuete,puñado
